FirstName,LastName,Email,ManagerEmail,Position,StartDate,Department,Role
John,Smith,john.smith@aviatoh.com,jane.doe@aviatoh.com,Software Engineer,2010-05-12,Engineering,developer
Jane,Doe,jane.doe@aviatoh.com,john.smith@aviatoh.com,Product Manager,2011-07-18,Product,manager
Emma,Johnson,emma.johnson@aviatoh.com,michael.brown@aviatoh.com,Data Analyst,2012-09-23,Analytics,analyst
Michael,Brown,michael.brown@aviatoh.com,susan.martin@aviatoh.com,Project Manager,2013-11-02,Operations,manager
Susan,Martin,susan.martin@aviatoh.com,david.lee@aviatoh.com,HR Specialist,2014-01-15,Human Resources,specialist
David,Lee,david.lee@aviatoh.com,robert.white@aviatoh.com,Backend Developer,2015-03-21,Engineering,developer
Robert,White,robert.white@aviatoh.com,emily.moore@aviatoh.com,DevOps Engineer,2016-06-09,Engineering,engineer
Emily,Moore,emily.moore@aviatoh.com,william.taylor@aviatoh.com,UI/UX Designer,2017-08-30,Design,designer
William,Taylor,william.taylor@aviatoh.com,elizabeth.anderson@aviatoh.com,QA Engineer,2018-10-11,Quality Assurance,engineer
Elizabeth,Anderson,elizabeth.anderson@aviatoh.com,joseph.walker@aviatoh.com,Marketing Coordinator,2019-12-17,Marketing,coordinator
Joseph,Walker,joseph.walker@aviatoh.com,barbara.jones@aviatoh.com,Customer Support,2020-02-29,Support,support
Barbara,Jones,barbara.jones@aviatoh.com,matthew.harris@aviatoh.com,Sales Representative,2021-05-14,Sales,representative
Matthew,Harris,matthew.harris@aviatoh.com,richard.davis@aviatoh.com,Finance Analyst,2022-07-25,Finance,analyst
Richard,Davis,richard.davis@aviatoh.com,karen.miller@aviatoh.com,Legal Advisor,2023-09-05,Legal,advisor
Karen,Miller,karen.miller@aviatoh.com,josephking@aviatoh.com,Operations Manager,2008-11-10,Operations,manager
James,Wilson,james.wilson@aviatoh.com,linda.hall@aviatoh.com,Data Scientist,2009-01-18,Analytics,scientist
Linda,Hall,linda.hall@aviatoh.com,john.smith@aviatoh.com,Content Writer,2010-03-29,Marketing,writer
Christopher,Young,christopher.young@aviatoh.com,jane.doe@aviatoh.com,Product Designer,2011-06-19,Design,designer
Patricia,King,patricia.king@aviatoh.com,michael.brown@aviatoh.com,IT Support,2012-08-24,IT,support
Daniel,Garcia,daniel.garcia@aviatoh.com,susan.martin@aviatoh.com,Network Engineer,2013-11-10,Engineering,engineer
Jennifer,Lopez,jennifer.lopez@aviatoh.com,david.lee@aviatoh.com,Business Analyst,2014-01-22,Product,analyst
Kevin,Wright,kevin.wright@aviatoh.com,robert.white@aviatoh.com,HR Manager,2015-03-17,Human Resources,manager
Michelle,Rodriguez,michelle.rodriguez@aviatoh.com,emily.moore@aviatoh.com,Full Stack Developer,2016-06-07,Engineering,developer
Joshua,Lewis,joshua.lewis@aviatoh.com,william.taylor@aviatoh.com,Social Media Manager,2017-08-19,Marketing,manager
Sarah,Clark,sarah.clark@aviatoh.com,elizabeth.anderson@aviatoh.com,Customer Success,2018-10-20,Support,success
Steven,Walker,steven.walker@aviatoh.com,joseph.walker@aviatoh.com,Legal Assistant,2019-12-30,Legal,assistant
Angela,Robinson,angela.robinson@aviatoh.com,barbara.jones@aviatoh.com,Content Strategist,2020-02-28,Marketing,strategist
Ryan,Scott,ryan.scott@aviatoh.com,matthew.harris@aviatoh.com,Operations Analyst,2021-05-19,Operations,analyst
Donna,White,donna.white@aviatoh.com,richard.davis@aviatoh.com,Technical Writer,2022-07-13,Engineering,writer
Andrew,Martinez,andrew.martinez@aviatoh.com,karen.miller@aviatoh.com,Sales Engineer,2023-09-02,Sales,engineer
Sharon,Roberts,sharon.roberts@aviatoh.com,josephking@aviatoh.com,Security Analyst,2008-12-15,IT,analyst
Justin,Turner,justin.turner@aviatoh.com,jane.doe@aviatoh.com,DevOps Manager,2010-05-18,Engineering,manager
Stephanie,Phillips,stephanie.phillips@aviatoh.com,john.smith@aviatoh.com,Marketing Specialist,2011-07-25,Marketing,specialist
Larry,Campbell,larry.campbell@aviatoh.com,michael.brown@aviatoh.com,System Administrator,2012-09-30,IT,administrator
Nancy,Parker,nancy.parker@aviatoh.com,susan.martin@aviatoh.com,Customer Support,2013-11-22,Support,support
Gregory,Evans,gregory.evans@aviatoh.com,david.lee@aviatoh.com,Finance Manager,2014-01-28,Finance,manager
Kimberly,Collins,kimberly.collins@aviatoh.com,robert.white@aviatoh.com,HR Coordinator,2015-03-10,Human Resources,coordinator
Anthony,Reed,anthony.reed@aviatoh.com,emily.moore@aviatoh.com,Software Tester,2016-06-17,Quality Assurance,tester
Laura,Stewart,laura.stewart@aviatoh.com,william.taylor@aviatoh.com,Frontend Developer,2017-08-23,Engineering,developer
Jeffrey,Edwards,jeffrey.edwards@aviatoh.com,elizabeth.anderson@aviatoh.com,Product Owner,2018-10-30,Product,owner
Rebecca,Morris,rebecca.morris@aviatoh.com,joseph.walker@aviatoh.com,Graphic Designer,2019-12-25,Design,designer
Brandon,Reed,brandon.reed@aviatoh.com,barbara.jones@aviatoh.com,Sales Executive,2020-02-12,Sales,executive
Lisa,Ross,lisa.ross@aviatoh.com,matthew.harris@aviatoh.com,Product Analyst,2021-05-30,Product,analyst
Eric,Peterson,eric.peterson@aviatoh.com,richard.davis@aviatoh.com,Quality Assurance Tester,2022-07-11,Quality Assurance,tester
Deborah,Murphy,deborah.murphy@aviatoh.com,karen.miller@aviatoh.com,Technical Lead,2023-09-09,Engineering,lead
Kevin,Bell,kevin.bell@aviatoh.com,josephking@aviatoh.com,UX Researcher,2008-12-01,Design,researcher
Sandra,Bailey,sandra.bailey@aviatoh.com,john.smith@aviatoh.com,Product Designer,2010-05-28,Design,designer
Edward,Cox,edward.cox@aviatoh.com,jane.doe@aviatoh.com,Software Architect,2011-07-09,Engineering,architect
Jessica,Diaz,jessica.diaz@aviatoh.com,michael.brown@aviatoh.com,HR Assistant,2012-09-17,Human Resources,assistant
Brian,Ward,brian.ward@aviatoh.com,susan.martin@aviatoh.com,DevOps Engineer,2013-11-14,Engineering,engineer
Amanda,Brooks,amanda.brooks@aviatoh.com,david.lee@aviatoh.com,Content Manager,2014-01-13,Marketing,manager
Ronald,Price,ronald.price@aviatoh.com,robert.white@aviatoh.com,IT Support,2015-03-25,IT,support
Debra,Cooper,debra.cooper@aviatoh.com,emily.moore@aviatoh.com,Sales Manager,2016-06-04,Sales,manager
Adam,Bennett,adam.bennett@aviatoh.com,william.taylor@aviatoh.com,Business Development,2017-08-14,Sales,development
Carol,Hughes,carol.hughes@aviatoh.com,elizabeth.anderson@aviatoh.com,Financial Analyst,2018-10-21,Finance,analyst
Nicholas,Perry,nicholas.perry@aviatoh.com,joseph.walker@aviatoh.com,Product Designer,2019-12-16,Design,designer
Margaret,Long,margaret.long@aviatoh.com,barbara.jones@aviatoh.com,Marketing Analyst,2020-02-05,Marketing,analyst
Gary,Ross,gary.ross@aviatoh.com,matthew.harris@aviatoh.com,Project Coordinator,2021-05-09,Operations,coordinator
Karen,King,karen.king@aviatoh.com,richard.davis@aviatoh.com,System Administrator,2022-07-20,IT,administrator
Mark,Jones,mark.jones@aviatoh.com,karen.miller@aviatoh.com,Security Engineer,2023-09-12,IT,engineer
Betty,Foster,betty.foster@aviatoh.com,josephking@aviatoh.com,UX/UI Designer,2008-12-27,Design,designer
Paul,Sanders,paul.sanders@aviatoh.com,john.smith@aviatoh.com,Backend Developer,2010-05-06,Engineering,developer
Dorothy,Ramirez,dorothy.ramirez@aviatoh.com,jane.doe@aviatoh.com,Salesforce Administrator,2011-07-15,Sales,administrator
George,Kelly,george.kelly@aviatoh.com,michael.brown@aviatoh.com,Customer Support,2012-09-05,Support,support
Maria,Barnes,maria.barnes@aviatoh.com,susan.martin@aviatoh.com,Marketing Coordinator,2013-11-27,Marketing,coordinator
Frank,Gray,frank.gray@aviatoh.com,david.lee@aviatoh.com,Business Analyst,2014-01-06,Product,analyst
Donna,Morgan,donna.morgan@aviatoh.com,robert.white@aviatoh.com,IT Specialist,2015-03-31,IT,specialist
Robert,Cox,robert.cox@aviatoh.com,emily.moore@aviatoh.com,Frontend Developer,2016-06-01,Engineering,developer
Sandra,Howard,sandra.howard@aviatoh.com,william.taylor@aviatoh.com,QA Tester,2017-08-26,Quality Assurance,tester
Edward,Ward,edward.ward@aviatoh.com,elizabeth.anderson@aviatoh.com,HR Coordinator,2018-10-04,Human Resources,coordinator
Rebecca,Young,rebecca.young@aviatoh.com,joseph.walker@aviatoh.com,Legal Assistant,2019-12-02,Legal,assistant
Charles,King,charles.king@aviatoh.com,barbara.jones@aviatoh.com,Finance Manager,2020-02-25,Finance,manager
Linda,Allen,linda.allen@aviatoh.com,matthew.harris@aviatoh.com,Operations Coordinator,2021-05-27,Operations,coordinator
Kenneth,Wright,kenneth.wright@aviatoh.com,richard.davis@aviatoh.com,Sales Engineer,2022-07-04,Sales,engineer
Elizabeth,Brown,elizabeth.brown@aviatoh.com,karen.miller@aviatoh.com,Project Manager,2023-09-01,Operations,manager
Barbara,Williams,barbara.williams@aviatoh.com,josephking@aviatoh.com,HR Specialist,2008-12-22,Human Resources,specialist
James,Lee,james.lee@aviatoh.com,john.smith@aviatoh.com,DevOps Engineer,2010-05-09,Engineering,engineer
Carol,Jones,carol.jones@aviatoh.com,jane.doe@aviatoh.com,Product Analyst,2011-07-26,Product,analyst
Christopher,Harris,christopher.harris@aviatoh.com,michael.brown@aviatoh.com,IT Support,2012-09-29,IT,support
Sarah,Martin,sarah.martin@aviatoh.com,susan.martin@aviatoh.com,Data Analyst,2013-11-19,Analytics,analyst
Daniel,Jackson,daniel.jackson@aviatoh.com,david.lee@aviatoh.com,Backend Developer,2014-01-30,Engineering,developer
Nancy,Thompson,nancy.thompson@aviatoh.com,robert.white@aviatoh.com,Legal Assistant,2015-03-18,Legal,assistant
William,Gonzalez,william.gonzalez@aviatoh.com,emily.moore@aviatoh.com,Sales Manager,2016-06-02,Sales,manager
Karen,Nelson,karen.nelson@aviatoh.com,william.taylor@aviatoh.com,QA Engineer,2017-08-27,Quality Assurance,engineer
Matthew,Hernandez,matthew.hernandez@aviatoh.com,elizabeth.anderson@aviatoh.com,Finance Analyst,2018-10-12,Finance,analyst
Deborah,Clark,deborah.clark@aviatoh.com,joseph.walker@aviatoh.com,HR Manager,2019-12-21,Human Resources,manager
Steven,Lewis,steven.lewis@aviatoh.com,barbara.jones@aviatoh.com,Operations Analyst,2020-02-23,Operations,analyst
Elizabeth,Hill,elizabeth.hill@aviatoh.com,matthew.harris@aviatoh.com,Marketing Manager,2021-05-22,Marketing,manager
James,Rodriguez,james.rodriguez@aviatoh.com,richard.davis@aviatoh.com,Full Stack Developer,2022-07-14,Engineering,developer
Mary,Robinson,mary.robinson@aviatoh.com,karen.miller@aviatoh.com,HR Assistant,2023-09-10,Human Resources,assistant
David,Clark,david.clark@aviatoh.com,josephking@aviatoh.com,Quality Assurance Tester,2008-12-28,QA,tester
Alice,Anderson,alice.anderson@aviatoh.com,john.smith@aviatoh.com,Software Engineer,2010-05-21,Engineering,developer
Robert,Harris,robert.harris@aviatoh.com,jane.doe@aviatoh.com,Product Manager,2011-07-16,Product,manager
Laura,Martinez,laura.martinez@aviatoh.com,michael.brown@aviatoh.com,Data Analyst,2012-09-11,Analytics,analyst
James,White,james.white@aviatoh.com,susan.martin@aviatoh.com,Project Manager,2013-11-08,Operations,manager
Cynthia,Moore,cynthia.moore@aviatoh.com,david.lee@aviatoh.com,HR Specialist,2014-01-27,Human Resources,specialist
Charles,Davis,charles.davis@aviatoh.com,robert.white@aviatoh.com,Backend Developer,2015-03-14,Engineering,developer
Ashley,Garcia,ashley.garcia@aviatoh.com,emily.moore@aviatoh.com,DevOps Engineer,2016-06-12,Engineering,engineer
Steven,Rodriguez,steven.rodriguez@aviatoh.com,william.taylor@aviatoh.com,UI/UX Designer,2017-08-15,Design,designer
Nancy,Wilson,nancy.wilson@aviatoh.com,elizabeth.anderson@aviatoh.com,QA Engineer,2018-10-05,Quality Assurance,engineer
Kevin,Martinez,kevin.martinez@aviatoh.com,joseph.walker@aviatoh.com,Marketing Coordinator,2019-12-19,Marketing,coordinator
Sharon,Miller,sharon.miller@aviatoh.com,barbara.jones@aviatoh.com,Customer Support,2020-02-27,Support,support
Christopher,Brown,christopher.brown@aviatoh.com,matthew.harris@aviatoh.com,Sales Representative,2021-05-12,Sales,representative
Margaret,Smith,margaret.smith@aviatoh.com,richard.davis@aviatoh.com,Finance Analyst,2022-07-18,Finance,analyst
Andrew,Walker,andrew.walker@aviatoh.com,karen.miller@aviatoh.com,Legal Advisor,2023-09-06,Legal,advisor
Angela,Martinez,angela.martinez@aviatoh.com,josephking@aviatoh.com,Operations Manager,2008-11-12,Operations,manager
Thomas,Young,thomas.young@aviatoh.com,linda.hall@aviatoh.com,Data Scientist,2009-01-22,Analytics,scientist
Carol,Hall,carol.hall@aviatoh.com,john.smith@aviatoh.com,Content Writer,2010-03-31,Marketing,writer
Brian,King,brian.king@aviatoh.com,jane.doe@aviatoh.com,Product Designer,2011-06-22,Design,designer
Jennifer,Allen,jennifer.allen@aviatoh.com,michael.brown@aviatoh.com,IT Support,2012-08-21,IT,support
Jason,Wright,jason.wright@aviatoh.com,susan.martin@aviatoh.com,Network Engineer,2013-11-18,Engineering,engineer
Barbara,Lopez,barbara.lopez@aviatoh.com,david.lee@aviatoh.com,Business Analyst,2014-01-19,Product,analyst
Michelle,Walker,michelle.walker@aviatoh.com,robert.white@aviatoh.com,HR Manager,2015-03-16,Human Resources,manager
Daniel,Collins,daniel.collins@aviatoh.com,emily.moore@aviatoh.com,Full Stack Developer,2016-06-14,Engineering,developer
Jessica,Reed,jessica.reed@aviatoh.com,william.taylor@aviatoh.com,Social Media Manager,2017-08-18,Marketing,manager
John,Robinson,john.robinson@aviatoh.com,elizabeth.anderson@aviatoh.com,Customer Success,2018-10-24,Support,success
Karen,Scott,karen.scott@aviatoh.com,joseph.walker@aviatoh.com,Legal Assistant,2019-12-29,Legal,assistant
David,Turner,david.turner@aviatoh.com,barbara.jones@aviatoh.com,Content Strategist,2020-02-21,Marketing,strategist
Elizabeth,Phillips,elizabeth.phillips@aviatoh.com,matthew.harris@aviatoh.com,Operations Analyst,2021-05-18,Operations,analyst
James,Campbell,james.campbell@aviatoh.com,richard.davis@aviatoh.com,Technical Writer,2022-07-19,Engineering,writer
Patricia,Parker,patricia.parker@aviatoh.com,karen.miller@aviatoh.com,Sales Engineer,2023-09-03,Sales,engineer
Matthew,Evans,matthew.evans@aviatoh.com,josephking@aviatoh.com,Security Analyst,2008-12-13,IT,analyst
Dorothy,Rodriguez,dorothy.rodriguez@aviatoh.com,jane.doe@aviatoh.com,DevOps Manager,2010-05-13,Engineering,manager
Joseph,Stewart,joseph.stewart@aviatoh.com,john.smith@aviatoh.com,Marketing Specialist,2011-07-12,Marketing,specialist
Linda,Lewis,linda.lewis@aviatoh.com,michael.brown@aviatoh.com,System Administrator,2012-09-26,IT,administrator
Charles,Roberts,charles.roberts@aviatoh.com,susan.martin@aviatoh.com,Customer Support,2013-11-25,Support,support
Susan,Parker,susan.parker@aviatoh.com,david.lee@aviatoh.com,Finance Manager,2014-01-29,Finance,manager
David,Cox,david.cox@aviatoh.com,robert.white@aviatoh.com,HR Coordinator,2015-03-30,Human Resources,coordinator
Barbara,Bailey,barbara.bailey@aviatoh.com,emily.moore@aviatoh.com,Software Tester,2016-06-15,Quality Assurance,tester
Steven,Ramirez,steven.ramirez@aviatoh.com,william.taylor@aviatoh.com,Frontend Developer,2017-08-20,Engineering,developer
John,Brooks,john.brooks@aviatoh.com,elizabeth.anderson@aviatoh.com,Product Owner,2018-10-29,Product,owner
Rebecca,Gray,rebecca.gray@aviatoh.com,joseph.walker@aviatoh.com,Graphic Designer,2019-12-28,Design,designer
Andrew,Price,andrew.price@aviatoh.com,barbara.jones@aviatoh.com,Sales Executive,2020-02-26,Sales,executive
James,Wood,james.wood@aviatoh.com,matthew.harris@aviatoh.com,Product Analyst,2021-05-29,Product,analyst
Laura,Ross,laura.ross@aviatoh.com,richard.davis@aviatoh.com,Quality Assurance Tester,2022-07-15,Quality Assurance,tester
Robert,Bennett,robert.bennett@aviatoh.com,karen.miller@aviatoh.com,Technical Lead,2023-09-08,Engineering,lead
Mary,Peterson,mary.peterson@aviatoh.com,josephking@aviatoh.com,UX Researcher,2008-12-05,Design,researcher
Mark,Cox,mark.cox@aviatoh.com,john.smith@aviatoh.com,Product Designer,2010-05-25,Design,designer
Susan,Bell,susan.bell@aviatoh.com,jane.doe@aviatoh.com,Software Architect,2011-07-04,Engineering,architect
John,Perry,john.perry@aviatoh.com,michael.brown@aviatoh.com,HR Assistant,2012-09-07,Human Resources,assistant
Jennifer,Collins,jennifer.collins@aviatoh.com,susan.martin@aviatoh.com,DevOps Engineer,2013-11-12,Engineering,engineer
James,Green,james.green@aviatoh.com,robert.white@aviatoh.com,Data Engineer,2015-03-02,Analytics,engineer
Karen,Brown,karen.brown@aviatoh.com,emily.moore@aviatoh.com,Project Manager,2016-06-07,Operations,manager
Robert,Martinez,robert.martinez@aviatoh.com,william.taylor@aviatoh.com,IT Specialist,2017-08-21,IT,specialist
Linda,Garcia,linda.garcia@aviatoh.com,elizabeth.anderson@aviatoh.com,UX/UI Designer,2018-10-22,Design,designer
Michael,Williams,michael.williams@aviatoh.com,joseph.walker@aviatoh.com,Product Manager,2019-12-17,Product,manager
Sarah,Smith,sarah.smith@aviatoh.com,barbara.jones@aviatoh.com,Marketing Analyst,2020-02-22,Marketing,analyst
William,Miller,william.miller@aviatoh.com,matthew.harris@aviatoh.com,Security Engineer,2021-05-13,IT,engineer
Jessica,Moore,jessica.moore@aviatoh.com,richard.davis@aviatoh.com,Customer Support,2022-07-08,Support,support
David,Johnson,david.johnson@aviatoh.com,karen.miller@aviatoh.com,Sales Manager,2023-09-09,Sales,manager
Patricia,Anderson,patricia.anderson@aviatoh.com,josephking@aviatoh.com,HR Manager,2008-12-10,Human Resources,manager
Daniel,Jones,daniel.jones@aviatoh.com,john.smith@aviatoh.com,Network Administrator,2010-05-17,IT,administrator
Mary,Harris,mary.harris@aviatoh.com,jane.doe@aviatoh.com,Product Designer,2011-07-01,Design,designer
Michael,White,michael.white@aviatoh.com,michael.brown@aviatoh.com,Marketing Coordinator,2012-09-10,Marketing,coordinator
Barbara,Thompson,barbara.thompson@aviatoh.com,susan.martin@aviatoh.com,Data Scientist,2013-11-23,Analytics,scientist
Christopher,Young,christopher.young@aviatoh.com,david.lee@aviatoh.com,Business Analyst,2014-01-11,Product,analyst
Angela,Martinez,angela.martinez@aviatoh.com,robert.white@aviatoh.com,Software Engineer,2015-03-29,Engineering,developer
David,Rodriguez,david.rodriguez@aviatoh.com,emily.moore@aviatoh.com,Sales Engineer,2016-06-13,Sales,engineer
Nancy,Johnson,nancy.johnson@aviatoh.com,william.taylor@aviatoh.com,Operations Coordinator,2017-08-22,Operations,coordinator
James,King,james.king@aviatoh.com,elizabeth.anderson@aviatoh.com,HR Specialist,2018-10-28,Human Resources,specialist
Laura,Baker,laura.baker@aviatoh.com,joseph.walker@aviatoh.com,Frontend Developer,2019-12-11,Engineering,developer
Robert,Scott,robert.scott@aviatoh.com,barbara.jones@aviatoh.com,Content Manager,2020-02-29,Marketing,manager
Elizabeth,Garcia,elizabeth.garcia@aviatoh.com,matthew.harris@aviatoh.com,IT Support,2021-05-24,IT,support
Thomas,Clark,thomas.clark@aviatoh.com,richard.davis@aviatoh.com,Project Manager,2022-07-03,Operations,manager
Jennifer,Lewis,jennifer.lewis@aviatoh.com,karen.miller@aviatoh.com,Finance Analyst,2023-09-07,Finance,analyst
Michael,Hernandez,michael.hernandez@aviatoh.com,josephking@aviatoh.com,Legal Advisor,2008-12-14,Legal,advisor
James,Lee,james.lee@aviatoh.com,john.smith@aviatoh.com,Software Tester,2010-05-20,Quality Assurance,tester
Patricia,Martinez,patricia.martinez@aviatoh.com,jane.doe@aviatoh.com,HR Coordinator,2011-07-22,Human Resources,coordinator
William,Allen,william.allen@aviatoh.com,michael.brown@aviatoh.com,DevOps Engineer,2012-09-12,Engineering,engineer
Linda,Wright,linda.wright@aviatoh.com,susan.martin@aviatoh.com,Marketing Specialist,2013-11-13,Marketing,specialist
John,Lopez,john.lopez@aviatoh.com,david.lee@aviatoh.com,Product Manager,2014-01-23,Product,manager
Barbara,Hill,barbara.hill@aviatoh.com,robert.white@aviatoh.com,Network Engineer,2015-03-22,IT,engineer
Sarah,Walker,sarah.walker@aviatoh.com,emily.moore@aviatoh.com,Sales Executive,2016-06-11,Sales,executive
David,Robinson,david.robinson@aviatoh.com,william.taylor@aviatoh.com,Legal Assistant,2017-08-30,Legal,assistant
Karen,Gonzalez,karen.gonzalez@aviatoh.com,elizabeth.anderson@aviatoh.com,Frontend Developer,2018-10-10,Engineering,developer
Michael,Green,michael.green@aviatoh.com,joseph.walker@aviatoh.com,UI/UX Designer,2019-12-22,Design,designer
Linda,Adams,linda.adams@aviatoh.com,barbara.jones@aviatoh.com,HR Manager,2020-02-28,Human Resources,manager
David,Nelson,david.nelson@aviatoh.com,matthew.harris@aviatoh.com,System Administrator,2021-05-23,IT,administrator
Susan,King,susan.king@aviatoh.com,richard.davis@aviatoh.com,Product Analyst,2022-07-11,Product,analyst
John,Parker,john.parker@aviatoh.com,karen.miller@aviatoh.com,Marketing Analyst,2023-09-04,Marketing,analyst
Robert,Evans,robert.evans@aviatoh.com,josephking@aviatoh.com,Quality Assurance Engineer,2008-12-25,Quality Assurance,engineer
Jessica,Turner,jessica.turner@aviatoh.com,john.smith@aviatoh.com,DevOps Specialist,2010-05-11,Engineering,specialist
Mary,Brown,mary.brown@aviatoh.com,jane.doe@aviatoh.com,Sales Manager,2011-07-24,Sales,manager
Christopher,Davis,christopher.davis@aviatoh.com,michael.brown@aviatoh.com,Customer Support,2012-09-13,Support,support
Laura,Martinez,laura.martinez@aviatoh.com,susan.martin@aviatoh.com,Project Coordinator,2013-11-11,Operations,coordinator
James,Miller,james.miller@aviatoh.com,david.lee@aviatoh.com,Backend Developer,2014-01-13,Engineering,developer
Linda,Wilson,linda.wilson@aviatoh.com,robert.white@aviatoh.com,Data Analyst,2015-03-21,Analytics,analyst
Sarah,Moore,sarah.moore@aviatoh.com,emily.moore@aviatoh.com,Operations Analyst,2016-06-10,Operations,analyst
John,Anderson,john.anderson@aviatoh.com,william.taylor@aviatoh.com,Software Architect,2017-08-25,Engineering,architect
Robert,White,robert.white@aviatoh.com,elizabeth.anderson@aviatoh.com,Sales Engineer,2018-10-03,Sales,engineer
Laura,Robinson,laura.robinson@aviatoh.com,joseph.walker@aviatoh.com,Content Writer,2019-12-24,Marketing,writer
Patricia,Martinez,patricia.martinez@aviatoh.com,barbara.jones@aviatoh.com,Legal Advisor,2020-02-24,Legal,advisor
Michael,Clark,michael.clark@aviatoh.com,matthew.harris@aviatoh.com,Product Designer,2021-05-16,Design,designer
Christopher,Brown,christopher.brown@aviatoh.com,richard.davis@aviatoh.com,HR Specialist,2022-07-25,Human Resources,specialist
Sarah,Davis,sarah.davis@aviatoh.com,karen.miller@aviatoh.com,Data Engineer,2023-09-06,Analytics,engineer
Robert,Gonzalez,robert.gonzalez@aviatoh.com,josephking@aviatoh.com,Security Analyst,2008-12-18,IT,analyst
Patricia,Anderson,patricia.anderson@aviatoh.com,john.smith@aviatoh.com,UI/UX Designer,2010-05-19,Design,designer
David,Martinez,david.martinez@aviatoh.com,jane.doe@aviatoh.com,Operations Manager,2011-07-18,Operations,manager
Michael,Williams,michael.williams@aviatoh.com,michael.brown@aviatoh.com,Product Analyst,2012-09-06,Product,analyst
Jennifer,Johnson,jennifer.johnson@aviatoh.com,susan.martin@aviatoh.com,Network Administrator,2013-11-16,IT,administrator
Robert,Smith,robert.smith@aviatoh.com,david.lee@aviatoh.com,Legal Assistant,2014-01-20,Legal,assistant
Mary,Thompson,mary.thompson@aviatoh.com,robert.white@aviatoh.com,Sales Representative,2015-03-12,Sales,representative
Christopher,Garcia,christopher.garcia@aviatoh.com,emily.moore@aviatoh.com,Finance Analyst,2016-06-09,Finance,analyst
Laura,Hernandez,laura.hernandez@aviatoh.com,william.taylor@aviatoh.com,Software Tester,2017-08-27,Quality Assurance,tester
James,Lee,james.lee@aviatoh.com,elizabeth.anderson@aviatoh.com,Operations Coordinator,2018-10-01,Operations,coordinator
Jennifer,Lewis,jennifer.lewis@aviatoh.com,joseph.walker@aviatoh.com,Backend Developer,2019-12-21,Engineering,developer
Robert,Clark,robert.clark@aviatoh.com,barbara.jones@aviatoh.com,Content Strategist,2020-02-12,Marketing,strategist
Michael,Young,michael.young@aviatoh.com,matthew.harris@aviatoh.com,Project Manager,2021-05-17,Operations,manager
John,Scott,john.scott@aviatoh.com,richard.davis@aviatoh.com,HR Manager,2022-07-13,Human Resources,manager
Laura,Ramirez,laura.ramirez@aviatoh.com,karen.miller@aviatoh.com,Product Owner,2023-09-01,Product,owner
David,Moore,david.moore@aviatoh.com,josephking@aviatoh.com,Marketing Specialist,2008-12-24,Marketing,specialist
Jessica,White,jessica.white@aviatoh.com,john.smith@aviatoh.com,Software Engineer,2010-05-18,Engineering,developer
Michael,Harris,michael.harris@aviatoh.com,jane.doe@aviatoh.com,Customer Support,2011-07-09,Support,support
Linda,Johnson,linda.johnson@aviatoh.com,michael.brown@aviatoh.com,DevOps Manager,2012-09-09,Engineering,manager
Sarah,Moore,sarah.moore@aviatoh.com,susan.martin@aviatoh.com,Legal Advisor,2013-11-14,Legal,advisor
John,Robinson,john.robinson@aviatoh.com,david.lee@aviatoh.com,Product Manager,2014-01-28,Product,manager
Patricia,Miller,patricia.miller@aviatoh.com,robert.white@aviatoh.com,Software Architect,2015-03-08,Engineering,architect
David,Martinez,david.martinez@aviatoh.com,emily.moore@aviatoh.com,Sales Manager,2016-06-20,Sales,manager
Linda,Garcia,linda.garcia@aviatoh.com,william.taylor@aviatoh.com,Project Coordinator,2017-08-19,Operations,coordinator